INSERT INTO department (departmentid, dname, budget, buildingid, roomid) VALUES (1, 'Urna.', 7403378.21, 1, 337);
INSERT INTO department (departmentid, dname, budget, buildingid, roomid) VALUES (2, 'Bibendum.', 1487040.04, 1, 172);
INSERT INTO department (departmentid, dname, budget, buildingid, roomid) VALUES (3, 'Erat.', 1619671.00, 1, 106);
INSERT INTO department (departmentid, dname, budget, buildingid, roomid) VALUES (4, 'Velit.', 3673163.91, 1, 407);
INSERT INTO department (departmentid, dname, budget, buildingid, roomid) VALUES (5, 'Et.', 7769101.93, 1, 241);
INSERT INTO department (departmentid, dname, budget, buildingid, roomid) VALUES (6, 'Laoreet.', 3309949.86, 1, 28);
INSERT INTO department (departmentid, dname, budget, buildingid, roomid) VALUES (7, 'Dapibus.', 872913.01, 1, 74);
INSERT INTO department (departmentid, dname, budget, buildingid, roomid) VALUES (8, 'Cum.', 5324815.22, 1, 203);
INSERT INTO department (departmentid, dname, budget, buildingid, roomid) VALUES (9, 'Volutpat?', 2079259.42, 1, 242);
INSERT INTO department (departmentid, dname, budget, buildingid, roomid) VALUES (10, 'Aenean.', 6519256.25, 1, 355);
INSERT INTO department (departmentid, dname, budget, buildingid, roomid) VALUES (11, 'Lacus.', 3978486.87, 1, 396);
INSERT INTO department (departmentid, dname, budget, buildingid, roomid) VALUES (12, 'Senectus.', 1480131.97, 1, 442);
INSERT INTO department (departmentid, dname, budget, buildingid, roomid) VALUES (13, 'Elit.', 6734259.49, 1, 11);
INSERT INTO department (departmentid, dname, budget, buildingid, roomid) VALUES (14, 'Tempor.', 810766.33, 2, 425);
INSERT INTO department (departmentid, dname, budget, buildingid, roomid) VALUES (15, 'Ultrices.', 8038793.62, 2, 52);
INSERT INTO department (departmentid, dname, budget, buildingid, roomid) VALUES (16, 'Mattis.', 4634678.60, 2, 167);
INSERT INTO department (departmentid, dname, budget, buildingid, roomid) VALUES (17, 'Luctus!', 3379507.91, 2, 282);
INSERT INTO department (departmentid, dname, budget, buildingid, roomid) VALUES (18, 'Lacinia.', 8463049.63, 2, 65);
INSERT INTO department (departmentid, dname, budget, buildingid, roomid) VALUES (19, 'Lobortis.', 8222283.01, 2, 46);
INSERT INTO department (departmentid, dname, budget, buildingid, roomid) VALUES (20, 'Lacinia.', 8179704.46, 2, 120);
INSERT INTO employee (employeeid, fname, lname, ssn, dob, sex, street, city, state, zip, salary, departmentid, hire_date, end_date, buildingid, roomid) VALUES (10000000, 'bentley', 'morales', '37943105', to_date('1918-01-12', 'yyyy-mm-dd'), 'f', '3780 lsd fort dearborn', 'tallahassee', 'CA', 90361, 46617.61, 6, to_date('1959-06-05', 'yyyy-mm-dd'), null, null, null);
INSERT INTO employee (employeeid, fname, lname, ssn, dob, sex, street, city, state, zip, salary, departmentid, hire_date, end_date, buildingid, roomid) VALUES (10000001, 'bethany', 'preston', '00519503', to_date('1983-02-05', 'yyyy-mm-dd'), 'm', '7828 franklin ext stevenson ob', 'laredo', 'CA', 99086, 54736.28, 13, to_date('1971-05-12', 'yyyy-mm-dd'), null, null, null);
INSERT INTO employee (employeeid, fname, lname, ssn, dob, sex, street, city, state, zip, salary, departmentid, hire_date, end_date, buildingid, roomid) VALUES (10000002, 'mckayla', 'colon', '88055696', to_date('1916-03-08', 'yyyy-mm-dd'), 'f', '2248 aldine', 'minneapolis', 'CA', 96948, 93603.29, 10, to_date('1971-10-29', 'yyyy-mm-dd'), null, null, null);
INSERT INTO employee (employeeid, fname, lname, ssn, dob, sex, street, city, state, zip, salary, departmentid, hire_date, end_date, buildingid, roomid) VALUES (10000003, 'julianna', 'guerrero', '67843025', to_date('1978-11-17', 'yyyy-mm-dd'), 'f', '2774 31st', 'evansville', 'CA', 91488, 40432.73, 8, to_date('1943-05-31', 'yyyy-mm-dd'), null, null, null);
INSERT INTO employee (employeeid, fname, lname, ssn, dob, sex, street, city, state, zip, salary, departmentid, hire_date, end_date, buildingid, roomid) VALUES (10000004, 'hadley', 'boone', '61046535', to_date('1932-09-17', 'yyyy-mm-dd'), 'f', '7246 west water', 'fresno', 'CA', 98330, 82173.59, 7, to_date('1971-11-17', 'yyyy-mm-dd'), null, null, null);
INSERT INTO employee (employeeid, fname, lname, ssn, dob, sex, street, city, state, zip, salary, departmentid, hire_date, end_date, buildingid, roomid) VALUES (10000005, 'bryleigh', 'robinson', '10780340', to_date('1907-07-09', 'yyyy-mm-dd'), 'm', '9693 foreman', 'nashville', 'CA', 95143, 29113.00, 16, to_date('2006-09-20', 'yyyy-mm-dd'), null, null, null);
INSERT INTO employee (employeeid, fname, lname, ssn, dob, sex, street, city, state, zip, salary, departmentid, hire_date, end_date, buildingid, roomid) VALUES (10000006, 'sullivan', 'owen', '74937486', to_date('1978-10-17', 'yyyy-mm-dd'), 'f', '3933 holden', 'irvine', 'CA', 93726, 59577.12, 4, to_date('1923-07-22', 'yyyy-mm-dd'), null, null, null);
INSERT INTO employee (employeeid, fname, lname, ssn, dob, sex, street, city, state, zip, salary, departmentid, hire_date, end_date, buildingid, roomid) VALUES (10000007, 'karis', 'lara', '32187890', to_date('1959-10-11', 'yyyy-mm-dd'), 'm', '4738 payne', 'winston-salem', 'CA', 95514, 66195.29, 8, to_date('2005-02-03', 'yyyy-mm-dd'), null, null, null);
INSERT INTO employee (employeeid, fname, lname, ssn, dob, sex, street, city, state, zip, salary, departmentid, hire_date, end_date, buildingid, roomid) VALUES (10000008, 'ryan', 'ballard', '47423505', to_date('1920-09-13', 'yyyy-mm-dd'), 'f', '7579 lsd michigan av', 'seattle', 'CA', 98675, 47331.45, 19, to_date('1958-06-03', 'yyyy-mm-dd'), null, null, null);
INSERT INTO employee (employeeid, fname, lname, ssn, dob, sex, street, city, state, zip, salary, departmentid, hire_date, end_date, buildingid, roomid) VALUES (10000009, 'osvaldo', 'stein', '71776237', to_date('1950-12-28', 'yyyy-mm-dd'), 'f', '6266 chestnut', 'jackson', 'CA', 96131, 60060.17, 14, to_date('1947-12-14', 'yyyy-mm-dd'), null, null, null);
INSERT INTO employee (employeeid, fname, lname, ssn, dob, sex, street, city, state, zip, salary, departmentid, hire_date, end_date, buildingid, roomid) VALUES (10000010, 'declan', 'maldonado', '83843511', to_date('1945-03-17', 'yyyy-mm-dd'), 'm', '5343 castlewood', 'amarillo', 'CA', 95795, 33165.76, 11, to_date('1929-11-16', 'yyyy-mm-dd'), null, null, null);
INSERT INTO employee (employeeid, fname, lname, ssn, dob, sex, street, city, state, zip, salary, departmentid, hire_date, end_date, buildingid, roomid) VALUES (10000011, 'jaxon', 'morales', '67060191', to_date('1992-05-20', 'yyyy-mm-dd'), 'f', '3113 mcdermott', 'west valley city', 'CA', 95308, 42807.20, 8, to_date('1981-08-30', 'yyyy-mm-dd'), null, null, null);
INSERT INTO employee (employeeid, fname, lname, ssn, dob, sex, street, city, state, zip, salary, departmentid, hire_date, end_date, buildingid, roomid) VALUES (10000012, 'marlene', 'flowers', '86586822', to_date('1931-01-01', 'yyyy-mm-dd'), 'm', '1214 beach', 'columbus', 'CA', 90106, 98262.19, 5, to_date('2012-10-01', 'yyyy-mm-dd'), null, null, null);
INSERT INTO employee (employeeid, fname, lname, ssn, dob, sex, street, city, state, zip, salary, departmentid, hire_date, end_date, buildingid, roomid) VALUES (10000013, 'asher', 'evans', '13427695', to_date('1905-11-24', 'yyyy-mm-dd'), 'f', '9195 bingham', 'syracuse', 'CA', 91430, 41205.82, 2, to_date('1903-10-11', 'yyyy-mm-dd'), null, null, null);
INSERT INTO employee (employeeid, fname, lname, ssn, dob, sex, street, city, state, zip, salary, departmentid, hire_date, end_date, buildingid, roomid) VALUES (10000014, 'ashley', 'scott', '41570264', to_date('1972-10-11', 'yyyy-mm-dd'), 'm', '6253 grover', 'lakewood', 'CA', 91093, 72037.93, 8, to_date('1996-09-12', 'yyyy-mm-dd'), null, null, null);
INSERT INTO employee (employeeid, fname, lname, ssn, dob, sex, street, city, state, zip, salary, departmentid, hire_date, end_date, buildingid, roomid) VALUES (10000015, 'arabella', 'martin', '06580483', to_date('1998-08-22', 'yyyy-mm-dd'), 'm', '2837 austin av jfk', 'yonkers', 'CA', 96254, 21560.06, 13, to_date('1930-05-21', 'yyyy-mm-dd'), null, null, null);
INSERT INTO employee (employeeid, fname, lname, ssn, dob, sex, street, city, state, zip, salary, departmentid, hire_date, end_date, buildingid, roomid) VALUES (10000016, 'alonso', 'cruz', '08740372', to_date('1904-09-30', 'yyyy-mm-dd'), 'f', '5286 early', 'huntsville', 'CA', 99507, 32086.58, 5, to_date('2000-09-04', 'yyyy-mm-dd'), null, null, null);
INSERT INTO employee (employeeid, fname, lname, ssn, dob, sex, street, city, state, zip, salary, departmentid, hire_date, end_date, buildingid, roomid) VALUES (10000017, 'teresa', 'glenn', '12418430', to_date('2010-09-30', 'yyyy-mm-dd'), 'f', '8971 eisenhower sacramento av', 'allentown', 'CA', 99214, 98199.57, 5, to_date('1924-01-27', 'yyyy-mm-dd'), null, null, null);
INSERT INTO employee (employeeid, fname, lname, ssn, dob, sex, street, city, state, zip, salary, departmentid, hire_date, end_date, buildingid, roomid) VALUES (10000018, 'nicolas', 'barron', '08326159', to_date('1925-07-20', 'yyyy-mm-dd'), 'm', '5708 paris', 'fresno', 'CA', 91592, 42281.12, 1, to_date('1993-02-07', 'yyyy-mm-dd'), null, null, null);
INSERT INTO employee (employeeid, fname, lname, ssn, dob, sex, street, city, state, zip, salary, departmentid, hire_date, end_date, buildingid, roomid) VALUES (10000019, 'bentley', 'richmond', '31775570', to_date('1962-02-13', 'yyyy-mm-dd'), 'm', '1448 latrobe', 'charleston', 'CA', 99438, 31454.70, 4, to_date('1955-08-28', 'yyyy-mm-dd'), null, null, null);
INSERT INTO employee (employeeid, fname, lname, ssn, dob, sex, street, city, state, zip, salary, departmentid, hire_date, end_date, buildingid, roomid) VALUES (10000020, 'chaya', 'santos', '09180698', to_date('1979-08-01', 'yyyy-mm-dd'), 'm', '9767 west water', 'tallahassee', 'CA', 97794, 74255.15, 15, to_date('2001-06-04', 'yyyy-mm-dd'), null, null, null);
INSERT INTO employee (employeeid, fname, lname, ssn, dob, sex, street, city, state, zip, salary, departmentid, hire_date, end_date, buildingid, roomid) VALUES (10000021, 'alejandra', 'long', '71269399', to_date('1928-06-17', 'yyyy-mm-dd'), 'm', '3867 midway airport lower', 'fayetteville', 'CA', 92443, 59785.69, 16, to_date('1930-08-09', 'yyyy-mm-dd'), null, null, null);
INSERT INTO employee (employeeid, fname, lname, ssn, dob, sex, street, city, state, zip, salary, departmentid, hire_date, end_date, buildingid, roomid) VALUES (10000022, 'camille', 'owen', '11155447', to_date('1910-08-28', 'yyyy-mm-dd'), 'f', '6974 lakewood', 'baton rouge', 'CA', 99158, 69840.33, 8, to_date('1926-05-27', 'yyyy-mm-dd'), null, null, null);
INSERT INTO employee (employeeid, fname, lname, ssn, dob, sex, street, city, state, zip, salary, departmentid, hire_date, end_date, buildingid, roomid) VALUES (10000023, 'paloma', 'weber', '18182180', to_date('1906-09-19', 'yyyy-mm-dd'), 'f', '758 36th', 'san diego', 'CA', 98237, 91197.40, 10, to_date('1911-11-04', 'yyyy-mm-dd'), null, null, null);
INSERT INTO employee (employeeid, fname, lname, ssn, dob, sex, street, city, state, zip, salary, departmentid, hire_date, end_date, buildingid, roomid) VALUES (10000024, 'orion', 'blevins', '79556020', to_date('1931-01-25', 'yyyy-mm-dd'), 'm', '8040 astor', 'winston-salem', 'CA', 97545, 33943.59, 3, to_date('1944-11-08', 'yyyy-mm-dd'), null, null, null);
INSERT INTO employee (employeeid, fname, lname, ssn, dob, sex, street, city, state, zip, salary, departmentid, hire_date, end_date, buildingid, roomid) VALUES (10000025, 'dennis', 'rowland', '10616622', to_date('1996-08-09', 'yyyy-mm-dd'), 'f', '5906 pine', 'lexington', 'CA', 99862, 46022.97, 20, to_date('1975-11-02', 'yyyy-mm-dd'), null, null, null);
INSERT INTO employee (employeeid, fname, lname, ssn, dob, sex, street, city, state, zip, salary, departmentid, hire_date, end_date, buildingid, roomid) VALUES (10000026, 'toby', 'ward', '59618202', to_date('1908-05-21', 'yyyy-mm-dd'), 'm', '8685 eisenhower', 'dallas', 'CA', 96576, 54510.71, 5, to_date('1989-06-09', 'yyyy-mm-dd'), null, null, null);
INSERT INTO employee (employeeid, fname, lname, ssn, dob, sex, street, city, state, zip, salary, departmentid, hire_date, end_date, buildingid, roomid) VALUES (10000027, 'britney', 'benton', '17733821', to_date('1915-02-19', 'yyyy-mm-dd'), 'm', '5711 mohawk', 'tucson', 'CA', 90695, 28189.56, 11, to_date('1920-05-12', 'yyyy-mm-dd'), null, null, null);
INSERT INTO employee (employeeid, fname, lname, ssn, dob, sex, street, city, state, zip, salary, departmentid, hire_date, end_date, buildingid, roomid) VALUES (10000028, 'jayden', 'ortiz', '81266616', to_date('1940-03-02', 'yyyy-mm-dd'), 'f', '5363 dan ryan wentworth av', 'stockton', 'CA', 98026, 20600.00, 5, to_date('1902-05-24', 'yyyy-mm-dd'), null, null, null);
INSERT INTO employee (employeeid, fname, lname, ssn, dob, sex, street, city, state, zip, salary, departmentid, hire_date, end_date, buildingid, roomid) VALUES (10000029, 'lane', 'forbes', '42179366', to_date('1938-06-07', 'yyyy-mm-dd'), 'f', '8609 federal', 'aurora', 'CA', 94771, 62576.66, 8, to_date('2001-03-10', 'yyyy-mm-dd'), null, null, null);
INSERT INTO employee (employeeid, fname, lname, ssn, dob, sex, street, city, state, zip, salary, departmentid, hire_date, end_date, buildingid, roomid) VALUES (10000030, 'erik', 'meyer', '38688289', to_date('1981-12-09', 'yyyy-mm-dd'), 'm', '8652 101st', 'ann arbor', 'CA', 93166, 39364.57, 5, to_date('1966-11-10', 'yyyy-mm-dd'), null, null, null);
INSERT INTO employee (employeeid, fname, lname, ssn, dob, sex, street, city, state, zip, salary, departmentid, hire_date, end_date, buildingid, roomid) VALUES (10000031, 'elena', 'fitzpatrick', '55034467', to_date('1916-12-17', 'yyyy-mm-dd'), 'f', '4576 paxton', 'st. paul', 'CA', 93001, 95936.48, 4, to_date('1915-01-21', 'yyyy-mm-dd'), null, null, null);
INSERT INTO employee (employeeid, fname, lname, ssn, dob, sex, street, city, state, zip, salary, departmentid, hire_date, end_date, buildingid, roomid) VALUES (10000032, 'teagan', 'ward', '14481744', to_date('1965-09-15', 'yyyy-mm-dd'), 'm', '4959 estes', 'louisville', 'CA', 93772, 22432.06, 19, to_date('1921-09-02', 'yyyy-mm-dd'), null, null, null);
INSERT INTO employee (employeeid, fname, lname, ssn, dob, sex, street, city, state, zip, salary, departmentid, hire_date, end_date, buildingid, roomid) VALUES (10000033, 'pierre', 'hess', '03365800', to_date('1911-12-31', 'yyyy-mm-dd'), 'f', '6174 allport', 'corpus christi', 'CA', 95470, 68166.17, 10, to_date('1983-03-23', 'yyyy-mm-dd'), null, null, null);
INSERT INTO employee (employeeid, fname, lname, ssn, dob, sex, street, city, state, zip, salary, departmentid, hire_date, end_date, buildingid, roomid) VALUES (10000034, 'marisa', 'nguyen', '36271991', to_date('1954-03-05', 'yyyy-mm-dd'), 'f', '4935 roslyn', 'louisville', 'CA', 92043, 42361.04, 17, to_date('1913-12-20', 'yyyy-mm-dd'), null, null, null);
INSERT INTO employee (employeeid, fname, lname, ssn, dob, sex, street, city, state, zip, salary, departmentid, hire_date, end_date, buildingid, roomid) VALUES (10000035, 'lena', 'horne', '88381894', to_date('1960-12-13', 'yyyy-mm-dd'), 'm', '49 lester', 'houston', 'CA', 93965, 35795.74, 6, to_date('1998-04-30', 'yyyy-mm-dd'), null, null, null);
INSERT INTO employee (employeeid, fname, lname, ssn, dob, sex, street, city, state, zip, salary, departmentid, hire_date, end_date, buildingid, roomid) VALUES (10000036, 'renata', 'beach', '54742166', to_date('1998-05-25', 'yyyy-mm-dd'), 'm', '4869 governors', 'hampton', 'CA', 90007, 67645.25, 17, to_date('1964-05-19', 'yyyy-mm-dd'), null, null, null);
INSERT INTO employee (employeeid, fname, lname, ssn, dob, sex, street, city, state, zip, salary, departmentid, hire_date, end_date, buildingid, roomid) VALUES (10000037, 'toby', 'bruce', '46568591', to_date('1990-11-01', 'yyyy-mm-dd'), 'm', '6105 corcoran', 'arlington', 'CA', 91741, 52979.51, 3, to_date('1903-09-22', 'yyyy-mm-dd'), null, null, null);
INSERT INTO employee (employeeid, fname, lname, ssn, dob, sex, street, city, state, zip, salary, departmentid, hire_date, end_date, buildingid, roomid) VALUES (10000038, 'malaya', 'mcbride', '48447853', to_date('1995-01-09', 'yyyy-mm-dd'), 'm', '6686 new hampshire', 'los angeles', 'CA', 95192, 83188.39, 1, to_date('1915-04-30', 'yyyy-mm-dd'), null, null, null);
INSERT INTO employee (employeeid, fname, lname, ssn, dob, sex, street, city, state, zip, salary, departmentid, hire_date, end_date, buildingid, roomid) VALUES (10000039, 'ellie', 'benton', '59011547', to_date('1911-08-18', 'yyyy-mm-dd'), 'm', '5974 york', 'lubbock', 'CA', 98947, 55865.87, 10, to_date('1993-04-12', 'yyyy-mm-dd'), null, null, null);
INSERT INTO employee (employeeid, fname, lname, ssn, dob, sex, street, city, state, zip, salary, departmentid, hire_date, end_date, buildingid, roomid) VALUES (10000040, 'evelyn', 'thornton', '17563672', to_date('1983-10-07', 'yyyy-mm-dd'), 'm', '9243 mason', 'newark', 'CA', 91879, 61853.94, 13, to_date('1959-05-11', 'yyyy-mm-dd'), null, null, null);
INSERT INTO employee (employeeid, fname, lname, ssn, dob, sex, street, city, state, zip, salary, departmentid, hire_date, end_date, buildingid, roomid) VALUES (10000041, 'cael', 'dillard', '44521668', to_date('1977-10-09', 'yyyy-mm-dd'), 'm', '3236 greenwood', 'huntsville', 'CA', 90989, 69063.51, 11, to_date('2007-06-25', 'yyyy-mm-dd'), null, null, null);
INSERT INTO employee (employeeid, fname, lname, ssn, dob, sex, street, city, state, zip, salary, departmentid, hire_date, end_date, buildingid, roomid) VALUES (10000042, 'ali', 'goff', '54979282', to_date('1915-12-29', 'yyyy-mm-dd'), 'f', '5822 wayman', 'kent', 'CA', 93240, 97230.05, 9, to_date('1983-04-05', 'yyyy-mm-dd'), null, null, null);
INSERT INTO employee (employeeid, fname, lname, ssn, dob, sex, street, city, state, zip, salary, departmentid, hire_date, end_date, buildingid, roomid) VALUES (10000043, 'irvin', 'mullen', '29329614', to_date('1980-02-29', 'yyyy-mm-dd'), 'f', '7543 32nd', 'providence', 'CA', 94394, 39359.07, 9, to_date('1957-12-24', 'yyyy-mm-dd'), null, null, null);
INSERT INTO employee (employeeid, fname, lname, ssn, dob, sex, street, city, state, zip, salary, departmentid, hire_date, end_date, buildingid, roomid) VALUES (10000044, 'camron', 'duke', '13734190', to_date('1932-01-07', 'yyyy-mm-dd'), 'f', '5957 james m rochford', 'norman', 'CA', 94706, 80144.49, 13, to_date('1986-04-10', 'yyyy-mm-dd'), null, null, null);
INSERT INTO employee (employeeid, fname, lname, ssn, dob, sex, street, city, state, zip, salary, departmentid, hire_date, end_date, buildingid, roomid) VALUES (10000045, 'lexi', 'schneider', '44830070', to_date('1937-10-20', 'yyyy-mm-dd'), 'f', '2080 scottsdale', 'springfield', 'CA', 96203, 89402.79, 20, to_date('1903-06-21', 'yyyy-mm-dd'), null, null, null);
INSERT INTO employee (employeeid, fname, lname, ssn, dob, sex, street, city, state, zip, salary, departmentid, hire_date, end_date, buildingid, roomid) VALUES (10000046, 'dane', 'tran', '07889487', to_date('1913-03-03', 'yyyy-mm-dd'), 'm', '7289 wacker sub', 'omaha', 'CA', 99116, 99865.00, 8, to_date('1901-03-06', 'yyyy-mm-dd'), null, null, null);
INSERT INTO employee (employeeid, fname, lname, ssn, dob, sex, street, city, state, zip, salary, departmentid, hire_date, end_date, buildingid, roomid) VALUES (10000047, 'kaiya', 'kirby', '29272126', to_date('1904-12-08', 'yyyy-mm-dd'), 'm', '3590 kreiter', 'honolulu', 'CA', 90858, 26670.13, 2, to_date('1990-04-14', 'yyyy-mm-dd'), null, null, null);
INSERT INTO employee (employeeid, fname, lname, ssn, dob, sex, street, city, state, zip, salary, departmentid, hire_date, end_date, buildingid, roomid) VALUES (10000048, 'lillian', 'briggs', '01639983', to_date('1919-06-06', 'yyyy-mm-dd'), 'f', '619 east river', 'north las vegas', 'CA', 99268, 49870.59, 10, to_date('1913-11-17', 'yyyy-mm-dd'), null, null, null);
INSERT INTO employee (employeeid, fname, lname, ssn, dob, sex, street, city, state, zip, salary, departmentid, hire_date, end_date, buildingid, roomid) VALUES (10000049, 'brianna', 'carlson', '76449452', to_date('1996-04-21', 'yyyy-mm-dd'), 'm', '858 pontiac', 'allentown', 'CA', 95360, 80597.18, 16, to_date('1914-02-16', 'yyyy-mm-dd'), null, null, null);
INSERT INTO faculty (facultyid, subjects, degree) VALUES (10000005, 'Porttitor!', 'Felis.');
INSERT INTO faculty (facultyid, subjects, degree) VALUES (10000006, 'Aptent.', 'Cubilia.');
INSERT INTO faculty (facultyid, subjects, degree) VALUES (10000007, 'Litora.', 'Arcu.');
INSERT INTO faculty (facultyid, subjects, degree) VALUES (10000008, 'Cubilia.', 'Sem.');
INSERT INTO faculty (facultyid, subjects, degree) VALUES (10000009, 'Condimentum.', 'Hendrerit!');
INSERT INTO faculty (facultyid, subjects, degree) VALUES (10000010, 'Facilisi.', 'Purus.');
INSERT INTO faculty (facultyid, subjects, degree) VALUES (10000011, 'Netus.', 'Mus.');
INSERT INTO faculty (facultyid, subjects, degree) VALUES (10000012, 'Proin.', 'Habitant.');
INSERT INTO faculty (facultyid, subjects, degree) VALUES (10000013, 'Felis.', 'Nam?');
INSERT INTO faculty (facultyid, subjects, degree) VALUES (10000014, 'Ultricies.', 'Commodo!');
INSERT INTO faculty (facultyid, subjects, degree) VALUES (10000015, 'Nulla.', 'Nam!');
INSERT INTO faculty (facultyid, subjects, degree) VALUES (10000016, 'Netus.', 'Senectus.');
INSERT INTO faculty (facultyid, subjects, degree) VALUES (10000017, 'Urna.', 'Semper.');
INSERT INTO faculty (facultyid, subjects, degree) VALUES (10000018, 'At.', 'Mi.');
INSERT INTO faculty (facultyid, subjects, degree) VALUES (10000019, 'Dolor!', 'Porttitor.');